1,Juan Perez,55-1234-5678,0
2,Maria Garcia,55-2345-6789,0
3,Jose Lopez,55-3456-7890,0
4,Ana Rodriguez,55-4567-8901,0
5,Luis Martinez,55-5678-9012,0
6,Laura Sanchez,55-6789-0123,0
7,Pedro Gonzalez,55-7890-1234,0
8,Carmen Rios,55-8901-2345,0
9,Diego Ramirez,55-9012-3456,0
10,Marta Torres,55-0123-4567,0
11,Roberto Diaz,55-1123-2234,0
12,Sofia Ruiz,55-2234-3456,0
13,Javier Vargas,55-3345-4567,0
14,Paula Morales,55-4456-5678,0
15,Eduardo Ortega,55-5567-6789,0
16,Silvia Navarro,55-6678-7890,0
17,Carlos Herrera,55-7789-8901,0
18,Elena Castro,55-8890-9012,0
19,Manuel Jimenez,55-9001-0123,0
20,Patricia Rios,55-0101-1123,0
21,Felipe Silva,55-2222-7777,0
22,Beatriz Mendoza,55-3333-8888,0
23,Sergio Romero,55-4444-9999,0
24,Isabel Ortega,55-5555-5555,0
25,Andres Torres,55-6666-6666,0
26,Diana Lopez,55-7777-7777,0
27,Gabriel Cordero,55-8888-8888,0
28,Adriana Soto,55-9999-9999,0
29,Alan Guzman,55-1234-9876,0
30,Claudia Morales,55-9876-6543,0
31,Ricardo Silva,55-2345-5678,0
32,Victoria Nunez,55-5432-1098,0
33,Daniel Mendoza,55-8765-1234,0
34,Laura Paredes,55-3210-9876,0
35,Ernesto Valdez,55-4567-1234,0
36,Angela Castro,55-7890-9876,0
37,Ana Cisneros,55-5432-7654,0
38,Mariana Ibarra,55-2345-4321,0
39,Arturo Castro,55-6789-8765,0
40,Elena Medina,55-4321-2109,0
41,Guillermo Mora,55-7654-8765,0
42,Alex Montes,55-9876-4321,0
43,Ignacio Ruth,55-5432-1098,0
44,Maria Salgado,55-4321-8765,0
45,Eduardo Ramirez,55-2109-4321,0
46,Brenda Duran,55-6543-4321,0
47,Rafael Nunez,55-3456-5432,0
48,Gabriela Rosa,55-5432-1098,0
49,Leonel Soto,55-8765-4321,0
50,Lorena Morales,55-4321-7654,0
51,Tomas Ramos,55-8765-9876,0
52,Laura Carrillo,55-5432-4321,0
53,Antonio Rios,55-2109-6543,0
54,Gabriela Rosas,55-8765-7654,0
55,Martin Delgado,55-5432-5432,0
56,Clara Paredes,55-4321-5432,0
57,Antonio Mendez,55-7654-4321,0
58,Lorena Nunez,55-6543-5432,0
59,Gustavo Rivas,55-1234-3456,0
60,Elisa Palacios,55-2345-5432,0
61,Oscar Ramirez,55-3456-4321,0
62,Lourdes Navarro,55-5432-6543,0
63,Mario Lopez,55-6543-7654,0
64,Marisol Paredes,55-5432-7654,0
65,Diego Cervantes,55-4321-6543,0
66,Valeria Salas,55-7654-6543,0
67,Diana Mendoza,55-6543-4321,0
68,Isabella Rios,55-5432-6543,0
69,Eduardo Morales,55-6543-5432,0
70,Jessica Duran,55-7654-5432,0
71,Rafael Gonzalez,55-5432-5432,0
72,Natalia Ron,55-4321-5432,0
73,Alberto Diaz,55-7654-5432,0
74,Maria Garcia,55-6543-6543,0
75,Emilio Cordero,55-5432-4321,0
76,Jimena Nunez,55-7654-5432,0
77,Alberto Valdez,55-1234-6543,0
78,Rosario Ibarra,55-2345-7654,0
79,Jose Torres,55-3456-6543,0
80,Gael Morales,55-5432-7654,0
81,Angel Soto,55-6543-4321,0
82,Daniela Ortega,55-5432-6543,0
83,Federico Chung,55-7654-6543,0
84,Laura Guzman,55-5432-5432,0
85,Marta Rios,55-6543-5432,0
86,Claudia Vargas,55-7654-5432,0
87,Carlos Navarro,55-5432-5432,0
88,Camila Rosas,55-4321-5432,0
89,Enrique Castro,55-7654-5432,0
90,Valentina Diaz,55-6543-6543,0
91,Luis Fernandez,55-5432-4321,0
92,Mariana Rios,55-7654-5432,0
93,Adan Jimenez,55-1234-6543,0
94,Laura Martinez,55-2345-7654,0
95,Nicolas Delgado,55-3456-6543,0
96,Brenda Paredes,55-5432-7654,0
97,Gustavo Rosales,55-6543-4321,0
98,Gabriela Nunez,55-5432-6543,0
99,Javier Mendoza,55-7654-6543,0
100,Ximena Salas,55-5432-5432,0
